case,checkpoint,position,finite,nn_top1,llama_top1,top1_match,max_abs,mean_abs,rmse,cosine,kl_llama_to_nn,llama_top2_margin,llama_gap_between_choices,nn_gap_between_choices
prompt-00,0,4,True,12095,12095,True,0.4100518226623535,0.06932070855072463,0.08733475729628014,0.9997733567542927,0.0009843124550502525,3.5233840942382812,0.0,0.0
prompt-00,1,5,True,11,11,True,0.2748500108718872,0.05168983724296623,0.06360979671155646,0.9993311084972148,0.0008839963610181099,0.6866512298583984,0.0,0.0
prompt-00,2,6,True,11,11,True,0.3728678226470947,0.09078976956515658,0.10521538860338842,0.9989363217893443,0.0026701143447649895,0.5263938903808594,0.0,0.0
prompt-00,3,7,True,11,11,True,0.1921846866607666,0.03240177854740633,0.040632012747940906,0.9997475860863488,0.0007952238954942294,0.18155670166015625,0.0,0.0
prompt-00,4,8,True,11,11,True,0.33118438720703125,0.051132177488126915,0.0650473624040853,0.9995702167361089,0.0022059260235541335,0.007171630859375,0.0,0.0
prompt-00,5,9,True,9370,9370,True,0.25511693954467773,0.0388601496222081,0.04893343371727466,0.9997446173182658,0.000986730578154034,1.1575641632080078,0.0,0.0
prompt-00,6,10,True,311,311,True,0.23603296279907227,0.039620392492483114,0.04992007008745512,0.9996606861459277,0.0003650626474535002,3.7570714950561523,0.0,0.0
prompt-00,7,11,True,315,315,True,0.2226247787475586,0.03464140608820832,0.044087221685602994,0.9997329113945891,0.0009456131615356734,0.6542873382568359,0.0,0.0
prompt-00,8,12,True,271,271,True,0.22988241910934448,0.041557497836439736,0.05154987266619854,0.9995789372715119,0.0006730621817708487,0.23523998260498047,0.0,0.0
prompt-00,9,13,True,271,271,True,0.18650579452514648,0.030543991581677272,0.03798070559658395,0.9997159891755717,0.0005750807706471489,0.4729585647583008,0.0,0.0
prompt-00,10,14,True,10026,10026,True,0.27395546436309814,0.05271837565899421,0.06427109173539318,0.9994740720774232,0.001947649591896416,0.2946147918701172,0.0,0.0
prompt-00,11,15,True,271,271,True,0.22451519966125488,0.048535088379161234,0.057449314845121405,0.999397044942379,0.0006765072709274522,0.92291259765625,0.0,0.0
prompt-00,12,16,True,271,271,True,0.23041194677352905,0.03314879260792082,0.042291719003145045,0.9996724636928798,0.0007577269526556878,0.03229808807373047,0.0,0.0
prompt-00,13,17,True,6387,6387,True,0.7457675933837891,0.1228108981500867,0.15304702151050667,0.9994586275917156,0.011502877176843217,0.43724632263183594,0.0,0.0
prompt-00,14,18,True,271,271,True,0.33354318141937256,0.05493254758153882,0.06853621219320725,0.9993613311563092,0.0026935991575337825,0.5367879867553711,0.0,0.0
prompt-00,15,19,True,315,315,True,0.2639204263687134,0.0428520342442105,0.054336306491047245,0.999554193741064,0.0009855157220303428,0.5660648345947266,0.0,0.0
prompt-00,16,20,True,11,11,True,0.2068091630935669,0.04331982013036433,0.05259380788452611,0.9995892571607554,0.0008515279914134925,0.2181234359741211,0.0,0.0
prompt-01,0,4,True,220,220,True,0.22789645195007324,0.041809537465936755,0.05215251462883731,0.999662103382048,4.864438770614175e-05,5.2284698486328125,0.0,0.0
prompt-01,1,5,True,220,220,True,0.33045482635498047,0.05511372720998443,0.0697561427405345,0.999489706793096,0.0026127247016290984,0.018388748168945312,0.0,0.0
prompt-01,2,6,True,5922,5922,True,0.4261903762817383,0.06791241202926539,0.0857573778137183,0.9994703654301708,0.004057388579086031,1.0484209060668945,0.0,0.0
prompt-01,3,7,True,198,198,True,0.252948522567749,0.053149572143542226,0.06306570456442621,0.9997032318473419,0.0008079032000143152,0.5251245498657227,0.0,0.0
prompt-01,4,8,True,25,25,True,0.28007304668426514,0.05033302632223841,0.06228083284286768,0.9992711244403988,0.0011044130354682805,0.7383441925048828,0.0,0.0
prompt-01,5,9,True,611,611,True,0.3225369453430176,0.04718905251088537,0.06002525740295404,0.999552824848505,0.0017466776543678432,0.33159828186035156,0.0,0.0
prompt-01,6,10,True,29,29,True,0.2554389238357544,0.05659127457930629,0.06862630128593235,0.9994994312843108,0.001374267536377827,1.5610466003417969,0.0,0.0
prompt-01,7,11,True,522,220,False,0.27497971057891846,0.055136210598256914,0.06692104085009629,0.9990892899217529,0.001789354440989958,0.09993553161621094,0.09993553161621094,0.035452842712402344
prompt-01,8,12,True,522,522,True,0.20344704389572144,0.04059472392510706,0.050343437877871405,0.9994146200278122,0.0009826632448130218,0.7685565948486328,0.0,0.0
prompt-01,9,13,True,8,8,True,0.2610208988189697,0.04965497173446704,0.06186069325781618,0.999530969622043,0.0011119798524144575,0.638880729675293,0.0,0.0
prompt-01,10,14,True,8,8,True,0.2516613006591797,0.048161147594364226,0.058909279114847835,0.9994136459215506,0.0013560877201583953,0.06447601318359375,0.0,0.0
prompt-01,11,15,True,80901,80901,True,0.3403841257095337,0.051865147993648414,0.06616886738303518,0.9995596651062593,0.0021903191227380416,0.6205205917358398,0.0,0.0
prompt-01,12,16,True,11,11,True,0.23701810836791992,0.040177750945859764,0.05110074608512203,0.9996047424225167,0.0014447151051491507,0.04366302490234375,0.0,0.0
prompt-01,13,17,True,8,8,True,0.19243764877319336,0.02930092418810259,0.03738790005142469,0.9997834166724595,0.0007384103369874483,0.3106651306152344,0.0,0.0
prompt-01,14,18,True,77959,11,False,0.34023618698120117,0.05457863833823613,0.06866839431239485,0.9994984570750057,0.0023724834636264062,0.13724136352539062,0.1714162826538086,0.09664535522460938
prompt-01,15,19,True,35038,35038,True,0.2299475073814392,0.035734123729686026,0.04516880085485123,0.9995761875218181,0.001072658532147146,0.2843971252441406,0.0,0.0
prompt-01,16,20,True,35,35,True,0.21582281589508057,0.038395612003072226,0.047378291385369545,0.9996516274034495,0.0007654426058551953,0.3031749725341797,0.0,0.0
prompt-02,0,3,True,198,198,True,0.355194091796875,0.05649322813492317,0.07184540421864541,0.9996576848399769,0.00023343395446372264,2.6730613708496094,0.0,0.0
prompt-02,1,4,True,198,198,True,0.2721065282821655,0.049937058344233086,0.06218056089333044,0.9995055619842574,0.0006900650477593256,1.637115478515625,0.0,0.0
prompt-02,2,5,True,198,198,True,0.26888811588287354,0.04810824640967711,0.0596001295465791,0.9995287011839966,0.0006671251373349191,1.455735206604004,0.0,0.0
prompt-02,3,6,True,198,198,True,0.21402359008789062,0.032584848555039125,0.04104772588569305,0.9998643978871916,0.0004124130448717065,0.932037353515625,0.0,0.0
prompt-02,4,7,True,198,198,True,0.31065380573272705,0.04478511657835931,0.0563501719956929,0.9997658258935362,0.001970694868073988,0.5152149200439453,0.0,0.0
prompt-02,5,8,True,100013,100013,True,0.2684248685836792,0.04435626240823773,0.05594642110404022,0.9997569577581373,0.0016292238350080809,1.3510684967041016,0.0,0.0
prompt-02,6,9,True,368,368,True,0.3238335847854614,0.04486651722078542,0.05612572980629065,0.999494323493649,0.001125903138892975,0.03670787811279297,0.0,0.0
prompt-02,7,10,True,320,320,True,0.38576698303222656,0.07134788443897401,0.08812301495105099,0.999171026794072,0.003299957828929752,0.044852256774902344,0.0,0.0
prompt-02,8,11,True,198,198,True,0.24059104919433594,0.05003093202842012,0.060681058348727814,0.9993624509726129,0.0011726665711563038,0.8197898864746094,0.0,0.0
prompt-02,9,12,True,11,11,True,0.18538546562194824,0.03207559105715571,0.04078967981327555,0.9997383057331547,0.0006141365615530566,0.5244121551513672,0.0,0.0
prompt-02,10,13,True,43720,43720,True,0.36347830295562744,0.05335029340796851,0.06775541013066917,0.9995081157982435,0.0020605896567063207,1.0400314331054688,0.0,0.0
prompt-02,11,14,True,271,271,True,0.35244035720825195,0.05801228504363532,0.07373887026034442,0.9991291138306307,0.0034343139622187834,0.4798393249511719,0.0,0.0
prompt-02,12,15,True,271,271,True,0.33232927322387695,0.05154853384812259,0.06436953470716915,0.9991953556235643,0.0013773463401707332,0.49798583984375,0.0,0.0
prompt-02,13,16,True,30,30,True,0.2692372798919678,0.04177197255356011,0.053027570515441436,0.9996243405473969,0.0015066499467328155,0.07687187194824219,0.0,0.0
prompt-02,14,17,True,198,198,True,0.24000096321105957,0.03728920072094983,0.047424016322661966,0.9997254849119301,0.0011725216106361004,0.4299898147583008,0.0,0.0
prompt-02,15,18,True,4412,4412,True,0.3165245056152344,0.047408861365645344,0.060212292822444724,0.9995789852141074,0.0002984481657777844,3.445188522338867,0.0,0.0
prompt-02,16,19,True,321,321,True,0.2386455535888672,0.035527589776989256,0.04472593849131061,0.9997691841250124,0.001038890376614911,0.6277475357055664,0.0,0.0
prompt-03,0,7,True,883,883,True,0.3763861656188965,0.061717456288768326,0.0783672430409169,0.9995972843990819,0.003080424148480304,0.29022979736328125,0.0,0.0
prompt-03,1,8,True,1478,1478,True,0.32975006103515625,0.051568003740635755,0.0655099335740082,0.9995315004611188,0.0020490066699455803,0.29070472717285156,0.0,0.0
prompt-03,2,9,True,16126,16126,True,0.2678799629211426,0.04170342605789435,0.05276999260935357,0.9997880086362196,0.0002785281804680755,2.788884162902832,0.0,0.0
prompt-03,3,10,True,271,271,True,0.32782626152038574,0.054984180195623476,0.06983826895414366,0.9989250959916454,0.002046644232717504,0.44905948638916016,0.0,0.0
prompt-03,4,11,True,271,271,True,0.4482691287994385,0.06783224229735484,0.08510393981863247,0.9994140950953826,0.0002347090718810111,0.7515029907226562,0.0,0.0
prompt-03,5,12,True,271,271,True,0.39475345611572266,0.05735631103179866,0.0720945137752578,0.9992648389478243,0.003840694348037868,1.2511234283447266,0.0,0.0
prompt-03,6,13,True,8,8,True,0.28117263317108154,0.050073110869433064,0.06206095353940186,0.9995602579037454,0.0011745644173215865,1.5237417221069336,0.0,0.0
prompt-03,7,14,True,8,8,True,0.29362261295318604,0.05904460175627534,0.07250999284935705,0.9992513395034411,0.0033312426400923228,0.9888877868652344,0.0,0.0
prompt-03,8,15,True,128292,128292,True,0.36796069145202637,0.06521423630251234,0.08071269540117897,0.9994877345976949,0.0024575988399452194,0.8525238037109375,0.0,0.0
prompt-03,9,16,True,22496,22496,True,0.703174352645874,0.10287062312018228,0.13104515067307643,0.999435849648426,0.009703056654910393,0.009232521057128906,0.0,0.0
prompt-03,10,17,True,103960,103960,True,0.454456090927124,0.06835400763976175,0.08631459753381732,0.9993640336969565,0.005746935075530094,0.4452524185180664,0.0,0.0
prompt-03,11,18,True,33872,33872,True,0.35861170291900635,0.07137358719390337,0.08641171080212659,0.999361597627395,0.0011484785491651358,2.160337448120117,0.0,0.0
prompt-03,12,19,True,271,271,True,0.30944395065307617,0.05347329153116458,0.06731073091475241,0.9992029879768188,0.0020676814420650764,0.8218612670898438,0.0,0.0
prompt-03,13,20,True,223,223,True,0.31709885597229004,0.0540846384767368,0.06756036091355495,0.9996066521705511,0.0009947355250651397,1.3270988464355469,0.0,0.0
prompt-03,14,21,True,271,271,True,0.2693600654602051,0.03893160876302518,0.049483373821778774,0.999544319054371,0.0011123826861660462,0.4293947219848633,0.0,0.0
prompt-03,15,22,True,7006,7006,True,0.2840278148651123,0.04607429576699529,0.05816656509174637,0.9996742003222492,0.0014897620379833538,0.10564899444580078,0.0,0.0
prompt-03,16,23,True,271,271,True,0.26293063163757324,0.04350380623757662,0.05537301453003531,0.9994804068796592,0.0017277555805814693,0.20362186431884766,0.0,0.0
prompt-04,0,9,True,576,576,True,0.5278263092041016,0.07133145198210675,0.09033235510001425,0.9993929512328772,0.0034872675913600634,1.0441474914550781,0.0,0.0
prompt-04,1,10,True,198,198,True,0.4815196990966797,0.07715825892481937,0.09721580642644029,0.9993085362294142,0.0038939962956973436,0.33963584899902344,0.0,0.0
prompt-04,2,11,True,369,369,True,0.3463946580886841,0.050230945539694094,0.06278641707443697,0.999621383595846,0.001434380381759506,0.7511987686157227,0.0,0.0
prompt-04,3,12,True,11,11,True,0.4012908935546875,0.10641475404670976,0.12292233113979124,0.998862121492936,0.003069776687308047,1.0291852951049805,0.0,0.0
prompt-04,4,13,True,315,315,True,0.28661537170410156,0.04672376158916554,0.059457891122029795,0.9996586598415365,0.0027819960639820264,0.7417163848876953,0.0,0.0
prompt-04,5,14,True,8265,8265,True,0.29050886631011963,0.052302859827380616,0.06519172173752599,0.9996630393034467,0.0023824653640944276,1.1694974899291992,0.0,0.0
prompt-04,6,15,True,304,304,True,0.36097216606140137,0.05901827396604875,0.07434394480968873,0.9993064283979115,0.0028565937074015793,0.3426790237426758,0.0,0.0
prompt-04,7,16,True,37702,37702,True,0.32316720485687256,0.049168880692688655,0.06158268660230002,0.9995334542412936,0.0013470027850092884,0.21105575561523438,0.0,0.0
prompt-04,8,17,True,220,220,True,0.33585047721862793,0.05554340480318373,0.07011006233322763,0.9994204911856465,0.0032720585115538266,0.3163299560546875,0.0,0.0
prompt-04,9,18,True,99346,99346,True,0.312105655670166,0.05160075245407844,0.06475769970747662,0.9997533382161671,0.0013280889172726266,2.293942451477051,0.0,0.0
prompt-04,10,19,True,2073,2073,True,0.31310510635375977,0.04728908701478123,0.06003029084227159,0.9994821811591268,0.002075832649516985,0.1079416275024414,0.0,0.0
prompt-04,11,20,True,28,28,True,0.30550098419189453,0.05384231597614116,0.06680452935438048,0.9994701680174318,0.001445195786918876,0.12465667724609375,0.0,0.0
prompt-04,12,21,True,432,432,True,0.2335505485534668,0.03693824977486586,0.04660623455272322,0.9997575815698293,0.0014733518994269948,0.5417909622192383,0.0,0.0
prompt-04,13,22,True,3707,3707,True,0.2751603126525879,0.06019438542381989,0.07251287104594256,0.9993423464219604,0.0013848451878132847,0.2568998336791992,0.0,0.0
prompt-04,14,23,True,271,271,True,0.2301802635192871,0.046323507335065434,0.05659650572027255,0.9995144907139247,0.000947900065055142,0.17937374114990234,0.0,0.0
prompt-04,15,24,True,52510,52510,True,0.2931711673736572,0.048480586141026,0.061543841677623376,0.999716771064989,0.001963849106326375,1.500823974609375,0.0,0.0
prompt-04,16,25,True,271,271,True,0.2576230764389038,0.04185822705172156,0.052899447851245875,0.9994377484447831,0.001717993961162424,0.5966320037841797,0.0,0.0
prompt-05,0,10,True,576,576,True,0.4860959053039551,0.07935689641195118,0.10024810266953542,0.9994946314924087,0.002116370219307644,3.022481918334961,0.0,0.0
prompt-05,1,11,True,4145,4145,True,0.3298078775405884,0.05545568974392854,0.07007472825559001,0.999561472420183,0.0014230503237370302,2.4197874069213867,0.0,0.0
prompt-05,2,12,True,198,198,True,0.22664153575897217,0.03843282662382959,0.048364390905051874,0.9996136909679305,0.00120858791278876,1.1986169815063477,0.0,0.0
prompt-05,3,13,True,518,518,True,0.4337632656097412,0.07335846218672402,0.09164809500663224,0.998883212821932,0.005614444650257723,0.5829877853393555,0.0,0.0
prompt-05,4,14,True,198,198,True,0.274064302444458,0.042561829675333424,0.0536540748408628,0.9997164980381915,0.001146058149745535,0.5633172988891602,0.0,0.0
prompt-05,5,15,True,785,785,True,0.42888015508651733,0.08015531311727661,0.10026466678151255,0.9994193094901772,0.003239848979423649,0.3828144073486328,0.0,0.0
prompt-05,6,16,True,198,198,True,0.31522154808044434,0.05161206453982521,0.061030993327838276,0.999626848498171,0.0007579981257623439,2.1694936752319336,0.0,0.0
prompt-05,7,17,True,246,246,True,0.41259467601776123,0.06548750048717868,0.08315246103245498,0.9996654154046162,0.0039596332495115795,0.07409286499023438,0.0,0.0
prompt-05,8,18,True,25,25,True,0.32004213333129883,0.07451451243376657,0.08801595070833701,0.9992986255637345,0.0026699250763834803,0.355712890625,0.0,0.0
prompt-05,9,19,True,25,25,True,0.2648352384567261,0.05010979520238872,0.062487501199760945,0.9996132571687226,0.0017979984274804476,0.3423786163330078,0.0,0.0
prompt-05,10,20,True,337,337,True,0.27891314029693604,0.05193726460031793,0.0638971940356546,0.9995068394329638,0.0017537816656689193,0.056311607360839844,0.0,0.0
prompt-05,11,21,True,198,198,True,0.2624073028564453,0.031503650125850886,0.04017186821201618,0.9998666085872272,0.0009204974489405518,1.502619743347168,0.0,0.0
prompt-05,12,22,True,12394,12394,True,0.24512457847595215,0.042615088606437646,0.054081539466931186,0.9998252654735242,0.0021799795537348053,0.208984375,0.0,0.0
prompt-05,13,23,True,198,198,True,0.26467108726501465,0.046823315381685625,0.0586161771861111,0.9996739910154125,0.0017079199653481218,0.7246246337890625,0.0,0.0
prompt-05,14,24,True,198,198,True,0.2654438018798828,0.043670681199455504,0.05513105494495333,0.9994139531276666,0.002194541508097475,0.9549722671508789,0.0,0.0
prompt-05,15,25,True,198,198,True,0.3493375778198242,0.06347522840191486,0.07847586771051893,0.999268703562497,0.0021297540162600365,0.10393142700195312,0.0,0.0
prompt-05,16,26,True,198,198,True,0.2924884557723999,0.039262024072475935,0.04820895216614817,0.9997080933689328,0.0009672722821439221,2.0492897033691406,0.0,0.0
prompt-06,0,4,True,474,474,True,0.3270688056945801,0.05341255458960586,0.0663107833493928,0.9996930188221835,6.54491897521188e-05,2.134380340576172,0.0,0.0
prompt-06,1,5,True,284,284,True,0.2996644973754883,0.047739178550048326,0.059923247674105534,0.9997102549724798,0.0014784549034732573,1.4608936309814453,0.0,0.0
prompt-06,2,6,True,198,284,False,0.22128701210021973,0.045623778701729865,0.05605624965114729,0.9996769854733877,0.0031462533206739803,0.0797281265258789,0.0797281265258789,0.13416481018066406
prompt-06,3,7,True,198,198,True,0.3139444589614868,0.06244359854114475,0.07618060546736856,0.9993357537431697,0.0025110198548622983,1.157362937927246,0.0,0.0
prompt-06,4,8,True,13132,13132,True,0.31888628005981445,0.05787293078216411,0.07147171764654132,0.9998226843213022,0.001971699752760807,1.3748722076416016,0.0,0.0
prompt-06,5,9,True,198,198,True,0.20705854892730713,0.03444604562021158,0.04377229125750763,0.999782132711644,0.0006944861978814027,0.5280656814575195,0.0,0.0
prompt-06,6,10,True,79,79,True,0.3481721878051758,0.05455738286391252,0.06861321440621379,0.9995562268454986,0.0012710750660534832,0.7111949920654297,0.0,0.0
prompt-06,7,11,True,198,198,True,0.5583639144897461,0.0794204424800141,0.1007941440472824,0.9996031813888732,0.004965570606318009,0.37648773193359375,0.0,0.0
prompt-06,8,12,True,271,271,True,0.21492218971252441,0.03420500816190761,0.043583654308108975,0.9996490850643766,0.0008762394725947695,0.14093780517578125,0.0,0.0
prompt-06,9,13,True,198,198,True,0.5932297706604004,0.10909463834261134,0.1328495613013892,0.999234093799316,0.003964973746109915,0.533015251159668,0.0,0.0
prompt-06,10,14,True,198,198,True,0.228613018989563,0.03278523333921966,0.0415935154968518,0.9995821241385678,0.0008882461706555883,0.13421249389648438,0.0,0.0
prompt-06,11,15,True,271,271,True,0.24802416563034058,0.04765503980574298,0.05892469383500164,0.9995403411666347,0.0009908781527858722,0.31955528259277344,0.0,0.0
prompt-06,12,16,True,271,271,True,0.16707968711853027,0.02898765248270029,0.036508206011477154,0.9998091993533567,0.000675040205639778,0.07345390319824219,0.0,0.0
prompt-06,13,17,True,11,11,True,0.2745630741119385,0.05149025802444447,0.06299230050610939,0.9993455240359272,0.0010044639510862824,0.5926265716552734,0.0,0.0
prompt-06,14,18,True,11,11,True,0.21108603477478027,0.034623655729390454,0.042976769986122036,0.9997511206936875,0.0008404551346868341,1.4434728622436523,0.0,0.0
prompt-06,15,19,True,82,82,True,0.21133136749267578,0.031653200083993034,0.040054531490551284,0.9998170705513221,0.000585723923911684,0.18961429595947266,0.0,0.0
prompt-06,16,20,True,198,198,True,0.2966737747192383,0.0446415380986924,0.05606668120056629,0.9996283091276833,0.0015432028614161904,0.20160675048828125,0.0,0.0
prompt-07,0,2,True,5373,5373,True,0.44361400604248047,0.06506944313628102,0.08259721268425463,0.9998362309063357,0.005388460789959735,0.39951038360595703,0.0,0.0
prompt-07,1,3,True,220,220,True,0.38411617279052734,0.06173631497092895,0.07823041133368969,0.9997218420589916,0.00488953980038612,0.5361166000366211,0.0,0.0
prompt-07,2,4,True,15767,15767,True,0.3654642105102539,0.07129189846168249,0.08775935514478371,0.9998890832077513,0.002223023171832798,0.9116268157958984,0.0,0.0
prompt-07,3,5,True,220,220,True,0.41030335426330566,0.053937358048680946,0.06798219358731639,0.9997187086919961,0.001466414902354946,1.9785680770874023,0.0,0.0
prompt-07,4,6,True,15767,15767,True,0.22327327728271484,0.03826884787604048,0.04840588747511442,0.9998664182781648,0.0009508015466965286,0.5431842803955078,0.0,0.0
prompt-07,5,7,True,32845,32845,True,0.3774750083684921,0.06112721654806771,0.0767628442718028,0.999698751856917,0.0017262171152840878,2.9624862670898438,0.0,0.0
prompt-07,6,8,True,220,29412,False,0.27976036071777344,0.04235956132720256,0.05289440930262905,0.9996727043691537,0.001135647949259081,0.03265953063964844,0.03274345397949219,0.021785736083984375
prompt-07,7,9,True,4401,4401,True,0.24842357635498047,0.039416653070462125,0.04949373741739078,0.999707496575154,0.0011819300523914884,0.40869903564453125,0.0,0.0
prompt-07,8,10,True,220,220,True,0.2412114143371582,0.038401394148380556,0.04903086372809745,0.9997077134894486,0.0013665444895122683,1.8635425567626953,0.0,0.0
prompt-07,9,11,True,88,88,True,0.28329992294311523,0.04228495600747679,0.053670649985796924,0.9995681164826522,0.002363448396420685,1.2435436248779297,0.0,0.0
prompt-07,10,12,True,271,271,True,0.2528439462184906,0.042921704529072985,0.054479875220097854,0.99971802369526,0.001600182843558992,0.17145061492919922,0.0,0.0
prompt-07,11,13,True,1515,1515,True,0.30892646312713623,0.049831207262549436,0.0629766243408112,0.999630722069687,0.001910487042035468,0.9717340469360352,0.0,0.0
prompt-07,12,14,True,8,8,True,0.2793769836425781,0.04468172532251292,0.05706013095965917,0.99950583876328,0.0016620585020490552,1.9560718536376953,0.0,0.0
prompt-07,13,15,True,8,8,True,0.314516544342041,0.05341885627276129,0.06763365113353115,0.9994582243838295,0.0021853104797966653,3.2759170532226562,0.0,0.0
prompt-07,14,16,True,86119,86119,True,0.2983417510986328,0.05026643833665004,0.06337521104916928,0.9995150873341297,0.002447371381295929,0.44121551513671875,0.0,0.0
prompt-07,15,17,True,220,220,True,0.1950082778930664,0.03364278363244782,0.04244866641618825,0.9997168414802956,0.0011015443546405668,0.9723539352416992,0.0,0.0
prompt-07,16,18,True,1037,1037,True,0.2899463176727295,0.0512022533727729,0.06304327020122558,0.999725943144944,0.001595037153994621,0.18478775024414062,0.0,0.0
prompt-08,0,5,True,130028,130028,True,0.4623889923095703,0.09696674809113251,0.11594966550890932,0.9999040036984896,0.0004933263304460044,2.6713714599609375,0.0,0.0
prompt-08,1,6,True,220,220,True,0.34531378746032715,0.08813763579562395,0.10156883194589364,0.9994576810382579,0.0018528287334023006,1.7445507049560547,0.0,0.0
prompt-08,2,7,True,220,220,True,0.34045517444610596,0.05448618140794445,0.0689448779780672,0.9997441423083457,0.002279020338289291,0.9424648284912109,0.0,0.0
prompt-08,3,8,True,53826,53826,True,0.38953840732574463,0.0688708629893616,0.08422911106590554,0.9997589638207514,0.0014473053096248096,0.16544342041015625,0.0,0.0
prompt-08,4,9,True,271,271,True,0.2720789909362793,0.05290066620369603,0.0649304802422756,0.9995482276104322,0.003663233949484049,0.5704307556152344,0.0,0.0
prompt-08,5,10,True,16161,16161,True,0.4501382112503052,0.10289670178250283,0.12194149461541003,0.9993565917940348,0.0022628517194143187,0.13723278045654297,0.0,0.0
prompt-08,6,11,True,12,12,True,0.22164630889892578,0.038084415978175,0.048222068105555536,0.9996618853922055,0.0006556844073341615,2.8580379486083984,0.0,0.0
prompt-08,7,12,True,220,220,True,0.28905582427978516,0.04617018012299827,0.05858345613491108,0.9996878212683971,0.0012986514925981923,0.8171520233154297,0.0,0.0
prompt-08,8,13,True,271,271,True,0.28328680992126465,0.04536293150531285,0.0576321181385488,0.9994913643230537,0.0024570244074037647,0.42591285705566406,0.0,0.0
prompt-08,9,14,True,151645,151645,True,0.634709358215332,0.12003980141876285,0.15148729148689763,0.9997237257405384,0.0034871627946228365,2.1102027893066406,0.0,0.0
prompt-08,10,15,True,198,198,True,0.4899165630340576,0.09757933983183152,0.117299964326179,0.9984411681750993,0.0027058499748495767,0.3865060806274414,0.0,0.0
prompt-08,11,16,True,315,315,True,0.27547740936279297,0.05402394260318378,0.0667113217198347,0.9993941096993315,0.0012817847122047902,0.5742645263671875,0.0,0.0
prompt-08,12,17,True,99252,99252,True,0.34177064895629883,0.05291009017113532,0.06648549706587642,0.9997344833745446,0.0016680875655662507,1.5124931335449219,0.0,0.0
prompt-08,13,18,True,262,262,True,1.113398551940918,0.2686215539057029,0.30655794476343146,0.9968096106112476,0.008713181286235756,1.0311431884765625,0.0,0.0
prompt-08,14,19,True,25,25,True,0.2551860809326172,0.05238063453478745,0.06294663573714629,0.9991871334575227,0.001268563218296128,0.13959217071533203,0.0,0.0
prompt-08,15,20,True,705,705,True,0.25804615020751953,0.04608811799216334,0.0567596863970882,0.9994501926406342,0.002007069915559002,0.20935440063476562,0.0,0.0
prompt-08,16,21,True,11,11,True,0.2857145667076111,0.03473003907447913,0.04489141473378059,0.9996031828606049,0.0011653974243535454,0.28370094299316406,0.0,0.0
prompt-09,0,4,True,15469,15469,True,0.3649158477783203,0.06895791154589015,0.08428004999837711,0.9998715540578115,0.00365390545095692,0.3226795196533203,0.0,0.0
prompt-09,1,5,True,47606,47606,True,0.35946178436279297,0.05718803733038828,0.07182866670933903,0.9998248896152547,0.002219789548511996,0.43138599395751953,0.0,0.0
prompt-09,2,6,True,12,12,True,0.20533418655395508,0.03350956187518384,0.04265485762541135,0.9997526321749942,0.0008463962491559851,1.3667974472045898,0.0,0.0
prompt-09,3,7,True,271,271,True,0.25908422470092773,0.05204184616325665,0.06310866494071111,0.9996916847064807,0.0011960482690467507,0.44641590118408203,0.0,0.0
prompt-09,4,8,True,49625,49625,True,0.2601351737976074,0.04618401158258861,0.05783299613444305,0.9996799571647758,0.0015445996098541461,0.47338390350341797,0.0,0.0
prompt-09,5,9,True,271,271,True,0.27249252796173096,0.04962522529312562,0.06216822226684719,0.9997238773118311,0.0022366429088875907,0.4616050720214844,0.0,0.0
prompt-09,6,10,True,271,271,True,0.3749723434448242,0.06818550762725996,0.08344281504436024,0.999664844287271,0.0019105127144127413,1.0239286422729492,0.0,0.0
prompt-09,7,11,True,198,198,True,1.1900582313537598,0.24835859997188767,0.2993046908498274,0.9985973708902434,0.0007370609105498728,5.413599014282227,0.0,0.0
prompt-09,8,12,True,198,198,True,0.5355806350708008,0.08403080712846757,0.10537908352163217,0.9994328170892767,0.003182508982672489,0.36962890625,0.0,0.0
prompt-09,9,13,True,198,198,True,0.43007993698120117,0.08117462605651446,0.10117107858964652,0.999479164946246,0.004173944869916013,0.2913494110107422,0.0,0.0
prompt-09,10,14,True,99262,99262,True,0.5998868942260742,0.10290182501274979,0.12986847430326076,0.9996941423183283,0.000494798350513574,3.496835708618164,0.0,0.0
prompt-09,11,15,True,3837,3837,True,0.21014165878295898,0.03383046133627997,0.042667783331577856,0.9997848203230025,0.001168963627129281,0.10618305206298828,0.0,0.0
prompt-09,12,16,True,11,11,True,0.3319733142852783,0.06795460643754211,0.08160737454650097,0.9990833726859952,0.00106845603801117,0.5846710205078125,0.0,0.0
prompt-09,13,17,True,6046,6046,True,0.28083890676498413,0.06149718810048715,0.07467358724240199,0.9994636681139633,0.001238144875442293,0.6275348663330078,0.0,0.0
prompt-09,14,18,True,1064,1064,True,0.3197956085205078,0.047620846303472124,0.06058134680544907,0.9996695329012382,0.002796038886871594,1.5734224319458008,0.0,0.0
prompt-09,15,19,True,271,271,True,0.22939634323120117,0.040524032945200766,0.05052019931710562,0.999613913453982,0.0011936035854682476,0.1424102783203125,0.0,0.0
prompt-09,16,20,True,198,198,True,0.38785362243652344,0.08408523815266808,0.10077476950207427,0.9989219820512039,0.002197617674285028,0.3131284713745117,0.0,0.0
prompt-10,0,7,True,220,220,True,0.3415250778198242,0.059285775365142374,0.07527645376440542,0.9998245430035666,0.0022189607161191153,1.2135133743286133,0.0,0.0
prompt-10,1,8,True,15767,15767,True,0.2569618225097656,0.041460979453122465,0.05218233717660991,0.9998421027295668,0.0011408416922597483,0.2676992416381836,0.0,0.0
prompt-10,2,9,True,284,284,True,0.2519416809082031,0.04245488359358455,0.053741820824438374,0.9997752580068502,0.0017200734825860002,0.40404415130615234,0.0,0.0
prompt-10,3,10,True,271,271,True,0.674713134765625,0.10089205373379675,0.1259201430915794,0.9991239463295161,0.006881521841160284,1.5029792785644531,0.0,0.0
prompt-10,4,11,True,271,271,True,0.2749069929122925,0.0508791169838877,0.06384952410270776,0.9993508370075256,0.0018039480528082605,0.45327186584472656,0.0,0.0
prompt-10,5,12,True,79,79,True,0.4167102575302124,0.0741217590730383,0.09205920522977426,0.9991364489730518,0.005838034469627853,1.2203083038330078,0.0,0.0
prompt-10,6,13,True,99497,99497,True,0.267805814743042,0.04179520425572089,0.052730987484894944,0.9998437833509601,0.0011991163828251076,0.020323753356933594,0.0,0.0
prompt-10,7,14,True,271,271,True,0.22540700435638428,0.04789293329557051,0.0586124862039545,0.9991981708815778,0.0012439338924552044,0.18535423278808594,0.0,0.0
prompt-10,8,15,True,271,271,True,0.25439614057540894,0.0445120935050997,0.05553659341893999,0.9993231820679663,0.0014504189866104064,0.8210926055908203,0.0,0.0
prompt-10,9,16,True,220,220,True,0.22417402267456055,0.042220892658817684,0.052593075183531075,0.9993715916600535,0.001182233463992727,0.33539772033691406,0.0,0.0
prompt-10,10,17,True,368,368,True,0.2500295639038086,0.036684664338984055,0.046840266261326105,0.999708393807216,0.0010890284102919616,0.1662425994873047,0.0,0.0
prompt-10,11,18,True,271,271,True,0.327862024307251,0.05115757277376372,0.06481238798489196,0.9990331630076499,0.0019446399883672966,0.14777565002441406,0.0,0.0
prompt-10,12,19,True,220,220,True,0.29976367950439453,0.05157119368838316,0.06579306021280286,0.9992066238263335,0.0016901915447592084,0.34683704376220703,0.0,0.0
prompt-10,13,20,True,62,62,True,0.2604849338531494,0.04407629595857907,0.05496777053119059,0.9996663513648825,0.001091709899016068,0.25830554962158203,0.0,0.0
prompt-10,14,21,True,220,198,False,0.279202938079834,0.05077111608105168,0.06303889629146911,0.9994252137302432,0.0015983725550435778,0.05783271789550781,0.08336257934570312,0.0008897781372070312
prompt-10,15,22,True,287,271,False,0.2779552936553955,0.04902588957488159,0.0605244722561407,0.9994744001052988,0.0014031715393526415,0.01896953582763672,0.01896953582763672,0.1065673828125
prompt-10,16,23,True,13,13,True,0.2112365961074829,0.03724895673853023,0.04724295482070958,0.999581947068274,0.0010028231019863039,0.4113922119140625,0.0,0.0
prompt-11,0,5,True,36171,36171,True,0.47650814056396484,0.07094392806947507,0.09024728188711192,0.9998522047150158,0.003295277222039379,0.4373970031738281,0.0,0.0
prompt-11,1,6,True,104832,104832,True,0.610382080078125,0.16766598300044067,0.18900521048499064,0.999728043374029,0.004869282041982205,1.2942228317260742,0.0,0.0
prompt-11,2,7,True,29412,16161,False,0.28728580474853516,0.05211331260104396,0.06378360849387751,0.9998009004318029,0.0011831329766399832,0.004288673400878906,0.004288673400878906,0.015219688415527344
prompt-11,3,8,True,16161,16161,True,0.28615570068359375,0.056175544383588835,0.06764196302207044,0.9997659441918364,0.0009743501878378543,0.04947853088378906,0.0,0.0
prompt-11,4,9,True,220,220,True,0.23348389565944672,0.04172612695559301,0.05206202703552869,0.9997542219506124,0.0012340624197909327,0.6973142623901367,0.0,0.0
prompt-11,5,10,True,220,220,True,0.18869662284851074,0.03262816579971151,0.04088719060582018,0.999822993145548,0.0008434867669269114,0.527796745300293,0.0,0.0
prompt-11,6,11,True,52801,52801,True,0.3066589832305908,0.05122457590044759,0.06438656151549772,0.9997932407180214,0.0020549459470647746,1.1577539443969727,0.0,0.0
prompt-11,7,12,True,13,13,True,0.18108153343200684,0.03156683198316081,0.03971782896911241,0.9997886165508324,0.0010234199617220902,0.8305292129516602,0.0,0.0
prompt-11,8,13,True,271,271,True,0.28318989276885986,0.052177304245244985,0.0656329542510432,0.9993365615728423,0.003938024008122853,0.2551441192626953,0.0,0.0
prompt-11,9,14,True,3277,3277,True,0.4411146640777588,0.07277875511265433,0.0910950132115013,0.9993246359472123,0.0012855329062700998,1.1908283233642578,0.0,0.0
prompt-11,10,15,True,271,271,True,0.9425206184387207,0.17940856574875383,0.22126498587389798,0.9973868814470382,0.017657816064299534,1.312591552734375,0.0,0.0
prompt-11,11,16,True,30543,30543,True,0.4790775775909424,0.08770392869272867,0.11124621066634696,0.9991397609416558,0.001463249789211256,5.175260543823242,0.0,0.0
prompt-11,12,17,True,291,291,True,0.44858860969543457,0.07031033365408744,0.08722278018747752,0.9995267427437065,0.0008355092420737077,3.0701990127563477,0.0,0.0
prompt-11,13,18,True,13,13,True,0.2687983512878418,0.06169795292508479,0.07447094116546314,0.9992964276652685,0.0016532967853239728,0.2655906677246094,0.0,0.0
prompt-11,14,19,True,220,220,True,0.247900128364563,0.041240581698118804,0.052020061415529874,0.9996034928381947,0.0010931895537512797,0.04812049865722656,0.0,0.0
prompt-11,15,20,True,220,220,True,0.25446486473083496,0.042100190023039157,0.05317910328095327,0.9995990302880365,0.0010967652031078439,0.9916019439697266,0.0,0.0
prompt-11,16,21,True,220,220,True,0.30882060527801514,0.052547757638254096,0.06472908139252732,0.9991554362903473,0.0012943190896660827,0.47878074645996094,0.0,0.0
prompt-12,0,4,True,877,877,True,0.33426523208618164,0.06024481954005772,0.07498755415399101,0.9997072018764273,0.0029446250906422326,0.3363685607910156,0.0,0.0
prompt-12,1,5,True,284,284,True,0.4049654006958008,0.11906921310592937,0.13250734439417305,0.9983539830337861,0.001054416743113778,1.632084846496582,0.0,0.0
prompt-12,2,6,True,30,30,True,0.2729473114013672,0.044894154074310744,0.05694870453711269,0.9997003504576244,0.001963402252435305,0.23395442962646484,0.0,0.0
prompt-12,3,7,True,126328,126328,True,0.4090456962585449,0.05756993650037226,0.0733099728053992,0.9997332373705123,0.0017609074752630344,0.028560638427734375,0.0,0.0
prompt-12,4,8,True,271,271,True,0.3081400394439697,0.08358112010775681,0.09515210510975297,0.9997037297644127,0.0012496562636879352,1.1234703063964844,0.0,0.0
prompt-12,5,9,True,198,198,True,0.4517958164215088,0.06706396348717256,0.08359682901064613,0.9992439155820406,0.0021029684670870363,0.16065120697021484,0.0,0.0
prompt-12,6,10,True,198,198,True,1.0458269119262695,0.21701798591499546,0.2581005929616971,0.9991465528768446,0.004769372267035079,2.616607666015625,0.0,0.0
prompt-12,7,11,True,198,198,True,0.5920748710632324,0.10923424338342869,0.1361453398557021,0.99970656140511,0.0020061186686581405,0.7344036102294922,0.0,0.0
prompt-12,8,12,True,26939,26939,True,0.30260634422302246,0.048768907257966954,0.06136452508770504,0.9997259031981262,0.002260299383934755,0.4550008773803711,0.0,0.0
prompt-12,9,13,True,271,271,True,0.38199353218078613,0.08010946571462683,0.09680777045324904,0.9995323171151127,0.0025001144994779897,0.28017616271972656,0.0,0.0
prompt-12,10,14,True,271,271,True,0.41833019256591797,0.08770091314258709,0.10633803801964585,0.9988329984945942,0.003152441063387584,1.431955337524414,0.0,0.0
prompt-12,11,15,True,18228,18228,True,0.24192488193511963,0.0399381428253884,0.05018897533835733,0.9997415495237092,0.0010494911601325167,0.5463981628417969,0.0,0.0
prompt-12,12,16,True,271,271,True,0.3853037357330322,0.06251926929714463,0.07840117308590931,0.9993142741236376,0.0032413397218742828,1.9072065353393555,0.0,0.0
prompt-12,13,17,True,271,271,True,0.7252988815307617,0.1362659653184642,0.1679497125892354,0.9994534336321,0.0020736369428739406,1.0363407135009766,0.0,0.0
prompt-12,14,18,True,271,271,True,0.3343539237976074,0.06137600238621314,0.07583114168489624,0.9994409930157314,0.00242057319236233,0.4424877166748047,0.0,0.0
prompt-12,15,19,True,271,271,True,0.3411935567855835,0.06764018558597948,0.08337444733499325,0.9995339141872437,0.00268702130931457,0.5125322341918945,0.0,0.0
prompt-12,16,20,True,271,271,True,0.29196834564208984,0.04583525915836904,0.05737873228738898,0.9998076281853562,0.0010625621589336336,1.731405258178711,0.0,0.0
prompt-13,0,3,True,198,198,True,0.5637040138244629,0.10299862651437837,0.12894654274938258,0.9994317681785143,2.434490048414434e-05,5.038017272949219,0.0,0.0
prompt-13,1,4,True,198,198,True,0.30129730701446533,0.0540084660122102,0.0667238744102907,0.9997262031207886,0.0015783665326423993,1.009073257446289,0.0,0.0
prompt-13,2,5,True,70769,70769,True,0.5843877792358398,0.08434305304538603,0.10597365118801319,0.9996028104287423,0.009840423405146164,2.1202077865600586,0.0,0.0
prompt-13,3,6,True,220,220,True,0.3540765047073364,0.054052971686299724,0.06595204504379501,0.9992254695459338,0.0011495176409046948,0.4847898483276367,0.0,0.0
prompt-13,4,7,True,311,311,True,0.23986196517944336,0.04466450192596118,0.05580781921765087,0.9995693073676841,0.0017060310058535436,0.6096153259277344,0.0,0.0
prompt-13,5,8,True,3837,3837,True,0.26686549186706543,0.045729353611625057,0.05763369836037007,0.9996598346248082,0.0014878079277838353,0.33226776123046875,0.0,0.0
prompt-13,6,9,True,29412,198,False,0.30347752571105957,0.049591091228894206,0.06291051939953476,0.9997700068110533,0.002096864592406888,0.0799112319946289,0.09149646759033203,0.0001773834228515625
prompt-13,7,10,True,198,198,True,0.20960450172424316,0.036165558154769864,0.046163248939929444,0.9995752128842658,0.0009429479641115796,0.1190042495727539,0.0,0.0
prompt-13,8,11,True,17877,17877,True,0.25722408294677734,0.0430795592556491,0.054280366267957535,0.9997018235611359,0.0011204034779577845,0.27297401428222656,0.0,0.0
prompt-13,9,12,True,9370,9370,True,0.21993041038513184,0.05006041280673613,0.060271601851664504,0.9996254061077069,0.001018371259331811,0.48701000213623047,0.0,0.0
prompt-13,10,13,True,504,311,False,0.20877289772033691,0.03668297977029231,0.04659698348089756,0.999698357472825,0.0014180782137265067,0.002803802490234375,0.002803802490234375,0.039398193359375
prompt-13,11,14,True,198,198,True,0.2761486768722534,0.041194684501021796,0.05177132746896022,0.9995421866305635,0.001006261645183494,0.7377004623413086,0.0,0.0
prompt-13,12,15,True,34315,34315,True,0.27048516273498535,0.040486894954461214,0.05103276656091312,0.9997465898133309,0.0010629202429497742,0.9927892684936523,0.0,0.0
prompt-13,13,16,True,271,271,True,0.28023719787597656,0.06525016684939758,0.07693101594072213,0.9987428745820369,0.0011816025216681587,0.06777286529541016,0.0,0.0
prompt-13,14,17,True,13,13,True,0.19440007209777832,0.03201158618114458,0.040145975709074896,0.9997530800233118,0.0008507250666520542,0.3276329040527344,0.0,0.0
prompt-13,15,18,True,580,580,True,0.23464179039001465,0.04039963146831466,0.0506600713999664,0.9995977545111941,0.0015789394175307284,0.24945926666259766,0.0,0.0
prompt-13,16,19,True,271,271,True,0.22165167331695557,0.0349795081304877,0.04462312432677652,0.9996351711373876,0.0008232360739168928,0.4619579315185547,0.0,0.0
prompt-14,0,9,True,4710,4710,True,0.30808520317077637,0.04670377775576364,0.05988636270725817,0.9998108581910348,0.00026273631819353837,0.3492107391357422,0.0,0.0
prompt-14,1,10,True,4582,4582,True,0.37870991230010986,0.08331956496081105,0.1008913551488375,0.9992994299825999,0.0008330218324145843,1.951253890991211,0.0,0.0
prompt-14,2,11,True,4582,4582,True,0.2854008674621582,0.04971464177628503,0.06270594391090945,0.9996370850192773,0.001834816583301983,0.08459091186523438,0.0,0.0
prompt-14,3,12,True,1690,1690,True,0.40241241455078125,0.06513043615810409,0.08165298411870185,0.9995688887588735,0.00315628531583575,0.04072856903076172,0.0,0.0
prompt-14,4,13,True,271,271,True,0.3143479824066162,0.04646071078126902,0.05802440633031496,0.9996962156737348,0.0020638153102784844,0.32125091552734375,0.0,0.0
prompt-14,5,14,True,271,271,True,0.31828737258911133,0.06949756703104724,0.08183428517686685,0.9994121221257453,0.0011103346663941843,2.3192520141601562,0.0,0.0
prompt-14,6,15,True,271,271,True,0.27371883392333984,0.041604736585120206,0.052621061904623116,0.9996465650509827,0.001180487273413973,2.946390151977539,0.0,0.0
prompt-14,7,16,True,1368,1368,True,0.39356720447540283,0.08931573256711957,0.10410185479019744,0.9991580788906592,0.0010704843859006509,0.21625041961669922,0.0,0.0
prompt-14,8,17,True,271,271,True,0.20174992084503174,0.0343062865664717,0.04317218904811509,0.9997390642098622,0.0009061650029943049,2.703075408935547,0.0,0.0
prompt-14,9,18,True,271,271,True,0.22919046878814697,0.04821477481495042,0.05904177165040719,0.9994867928223677,0.0009103989980671326,2.6361522674560547,0.0,0.0
prompt-14,10,19,True,271,271,True,0.2789297103881836,0.0686812944636306,0.07919690519129217,0.998892654672486,0.0006659074856253974,3.5906171798706055,0.0,0.0
prompt-14,11,20,True,8,8,True,0.22499799728393555,0.038415236380360214,0.0485294136560295,0.9996470627789636,0.0008323774801272878,0.9158201217651367,0.0,0.0
prompt-14,12,21,True,271,271,True,0.23729729652404785,0.039628041153406866,0.0494554754354513,0.9995076271105795,0.0009507004709101846,0.6839752197265625,0.0,0.0
prompt-14,13,22,True,271,271,True,0.22083258628845215,0.03958797391874578,0.04993285716959733,0.999678344148484,0.0008748968485611072,0.3714313507080078,0.0,0.0
prompt-14,14,23,True,8,8,True,0.26012516021728516,0.05157335336595105,0.06254165057338033,0.9994323087889307,0.00151252876409427,0.4880962371826172,0.0,0.0
prompt-14,15,24,True,271,271,True,0.35429292917251587,0.06079624512031982,0.0741852956549786,0.9991722482159235,0.001184529693642901,1.0406064987182617,0.0,0.0
prompt-14,16,25,True,271,692,False,0.2729905843734741,0.06719392370957808,0.07924203892146778,0.9991380012723875,0.0015862756561411545,0.024021148681640625,0.024021148681640625,0.06009101867675781
prompt-15,0,10,True,279,279,True,0.5550932884216309,0.11239918601513223,0.1370197855855724,0.9982528176522418,0.005911349626896112,0.7886180877685547,0.0,0.0
prompt-15,1,11,True,32711,32711,True,0.3897979259490967,0.0708260256092895,0.09000549266212296,0.9993350086058107,0.0024317723408049923,1.4849138259887695,0.0,0.0
prompt-15,2,12,True,198,198,True,0.2696866989135742,0.04770636978937178,0.05992496591883391,0.999531740833788,0.00144697816639878,0.16297626495361328,0.0,0.0
prompt-15,3,13,True,198,198,True,0.31486988067626953,0.0536383892459007,0.06688794938509643,0.9993986169167999,0.0014879817631066397,0.027756690979003906,0.0,0.0
prompt-15,4,14,True,271,271,True,0.2553980350494385,0.03888274203666597,0.04960281394572097,0.9996607169173746,0.0008234451565575875,0.055434226989746094,0.0,0.0
prompt-15,5,15,True,374,374,True,0.33428025245666504,0.05650174285110797,0.07089329784290142,0.9995286729174541,0.001348547044057889,2.6070728302001953,0.0,0.0
prompt-15,6,16,True,271,271,True,0.22314453125,0.03534995114647335,0.04502244229171701,0.9997727133079826,0.0005885862852125221,0.09209060668945312,0.0,0.0
prompt-15,7,17,True,198,198,True,0.401023268699646,0.0654045101463098,0.08178546906970763,0.9993369157888281,0.0015775140947558147,0.16158771514892578,0.0,0.0
prompt-15,8,18,True,8,8,True,0.3362159729003906,0.05325763561951566,0.06727559222434994,0.9995452107205347,0.0021930470619441686,1.353856086730957,0.0,0.0
prompt-15,9,19,True,8,8,True,0.2718024253845215,0.04753113940660038,0.0593502678159001,0.9995679841133719,0.0013020579688826858,0.744114875793457,0.0,0.0
prompt-15,10,20,True,25,25,True,0.26337480545043945,0.044215186146576754,0.055950186326821284,0.999646380761237,0.0008565096025921661,2.056759834289551,0.0,0.0
prompt-15,11,21,True,271,271,True,0.2453312873840332,0.04521586453904403,0.05615138599442476,0.9997399673940685,0.0008752840116388366,0.1329193115234375,0.0,0.0
prompt-15,12,22,True,271,271,True,0.19968914985656738,0.034658149634264314,0.043943316373024295,0.9998128733200125,0.0010120213565415854,0.14910507202148438,0.0,0.0
prompt-15,13,23,True,271,271,True,0.2907606363296509,0.06933201723235304,0.08089497742880584,0.9989432913539045,0.0011191682778286466,0.2794837951660156,0.0,0.0
prompt-15,14,24,True,525,525,True,0.21393394470214844,0.040628544817190804,0.05034234860269261,0.9997457944795755,0.0009332687370598781,0.18479156494140625,0.0,0.0
prompt-15,15,25,True,38840,38840,True,0.29237568378448486,0.045045880478436655,0.05729856696984909,0.9997675969593897,0.002399714066329598,1.437291145324707,0.0,0.0
prompt-15,16,26,True,13,13,True,0.2731020450592041,0.048513893505657234,0.061551601713372664,0.9996409636566175,0.002035709761864175,0.059670448303222656,0.0,0.0
prompt-16,0,0,True,14582,14582,True,0.07257512211799622,0.011639705589295129,0.014632011927091236,0.9999768649888947,0.00010203754708138272,0.5339865684509277,0.0,0.0
prompt-16,1,1,True,198,198,True,0.23743581771850586,0.03849499175890342,0.04890823808428173,0.9996471769877426,0.001268124871477917,1.1620845794677734,0.0,0.0
prompt-16,2,2,True,315,315,True,0.264937162399292,0.04770249805310992,0.0604975754612629,0.9995580931648507,0.001070628007613106,0.6920700073242188,0.0,0.0
prompt-16,3,3,True,198,198,True,0.30132484436035156,0.045366425516027736,0.05753975068008606,0.9996833372166101,0.001587688678977336,0.14746665954589844,0.0,0.0
prompt-16,4,4,True,17,17,True,0.272552490234375,0.04405441223323014,0.05535580414128302,0.9996614994128222,0.0016539870466359575,0.0753326416015625,0.0,0.0
prompt-16,5,5,True,11,11,True,0.2472248077392578,0.03909026519626869,0.04889042044793135,0.9994867255178732,0.0013210193193853351,1.217381477355957,0.0,0.0
prompt-16,6,6,True,11,11,True,0.2309250831604004,0.043942701789558725,0.05464364161027197,0.9995625297720752,0.0021221411067471087,1.254903793334961,0.0,0.0
prompt-16,7,7,True,23535,23535,True,0.3209388256072998,0.049027123554588534,0.06200091179557459,0.9995567893355827,0.0019198085845264375,0.9911508560180664,0.0,0.0
prompt-16,8,8,True,11,11,True,0.23780441284179688,0.03495496217925031,0.04454234498548894,0.9996990598382322,0.0008334977319928278,2.9339637756347656,0.0,0.0
prompt-16,9,9,True,5120,5120,True,0.2642000913619995,0.039788708307871734,0.05062382323241083,0.9996922759223345,0.0011297144063386355,0.9596939086914062,0.0,0.0
prompt-16,10,10,True,400,400,True,0.2963615655899048,0.05011454829803951,0.06304382058221075,0.9995501093014246,0.0014603534337962827,1.163534164428711,0.0,0.0
prompt-16,11,11,True,45008,45008,True,0.42487847805023193,0.07094427380542544,0.08992482152878567,0.9997653315266705,0.001805766228412317,2.2292232513427734,0.0,0.0
prompt-16,12,12,True,100373,100373,True,0.26537466049194336,0.04189969700637172,0.05301135212118482,0.9997614881373355,0.0020647490548660677,0.502680778503418,0.0,0.0
prompt-16,13,13,True,11,11,True,0.2757810354232788,0.052923842964346914,0.06441848663123981,0.999549060756225,0.001144919962938796,0.851170539855957,0.0,0.0
prompt-16,14,14,True,11,11,True,0.245314359664917,0.05669778935680293,0.06735260459660326,0.9993677253025895,0.0010437402549022404,1.6622934341430664,0.0,0.0
prompt-16,15,15,True,11,11,True,0.2439727783203125,0.047173738800344846,0.05736832294525444,0.9994432244487415,0.0025402383259524814,1.6077642440795898,0.0,0.0
prompt-16,16,16,True,380,380,True,0.2245924472808838,0.036275071726987185,0.045951630457084156,0.9997913323724696,0.0012411834784870647,0.9004650115966797,0.0,0.0
prompt-17,0,10,True,1112,1112,True,1.052436351776123,0.1657675399617904,0.2097304359698596,0.998681339176517,0.008337338541226277,1.7036056518554688,0.0,0.0
prompt-17,1,11,True,9370,9370,True,0.4920940399169922,0.09080765150849712,0.1104160595157064,0.9996678220659919,0.0036392319563257804,0.36743736267089844,0.0,0.0
prompt-17,2,12,True,13,13,True,0.34529757499694824,0.05757517104997557,0.07157690145215262,0.9990182196563374,0.0026595147816510425,0.5963430404663086,0.0,0.0
prompt-17,3,13,True,101039,101039,True,0.3270440101623535,0.06503418406537124,0.08044918598484055,0.9997253538192462,0.0024960877612793505,0.40253543853759766,0.0,0.0
prompt-17,4,14,True,21287,21287,True,0.6533627510070801,0.08947363086264477,0.11399257258412238,0.9997922193763,0.001750635538095761,1.638911247253418,0.0,0.0
prompt-17,5,15,True,13,11,False,0.25013089179992676,0.04475985620051278,0.0561288787103258,0.9996100629968491,0.0020702234145012237,0.0054416656494140625,0.0054416656494140625,0.033524513244628906
prompt-17,6,16,True,271,271,True,0.23216652870178223,0.04310436260574807,0.05427000865999847,0.9995496533672011,0.0014187796700443848,0.07308197021484375,0.0,0.0
prompt-17,7,17,True,198,198,True,0.27114689350128174,0.05043378566196008,0.06323256104697073,0.9996192121378796,0.002098811564858875,0.15624523162841797,0.0,0.0
prompt-17,8,18,True,74,74,True,0.3774254322052002,0.06631459748080074,0.0817303213140593,0.9994981630453729,0.002829992740354222,1.7169208526611328,0.0,0.0
prompt-17,9,19,True,271,271,True,0.23555254936218262,0.035895146828263655,0.04589384121876852,0.9996203893092842,0.001288076230132435,0.5605401992797852,0.0,0.0
prompt-17,10,20,True,271,271,True,0.2516961097717285,0.043318285295535185,0.05414754522543834,0.9993506234760334,0.0012176807060758302,0.42067813873291016,0.0,0.0
prompt-17,11,21,True,271,271,True,0.21733969449996948,0.03472117730688516,0.04403660153417313,0.9996751794552377,0.0007288190070567266,0.23624706268310547,0.0,0.0
prompt-17,12,22,True,271,271,True,0.21794164180755615,0.035827513248286987,0.045566058630784424,0.9997439341405293,0.0011708722148998118,1.0131444931030273,0.0,0.0
prompt-17,13,23,True,271,271,True,0.20239728689193726,0.03562316344987182,0.04446503591583702,0.9995938035120407,0.0008956548421118554,0.6072425842285156,0.0,0.0
prompt-17,14,24,True,271,271,True,0.28789782524108887,0.04818942320270059,0.06104746940095746,0.9994222960978607,0.0033381950048252413,1.0029001235961914,0.0,0.0
prompt-17,15,25,True,279,279,True,0.2696194648742676,0.053433625289349224,0.06540360562553106,0.999406629941875,0.0014871179159321873,0.0031328201293945312,0.0,0.0
prompt-17,16,26,True,1,1,True,0.24045181274414062,0.04078460208445524,0.05113486534038278,0.9996236989280947,0.0009232099466454285,1.0533666610717773,0.0,0.0
prompt-18,0,6,True,126733,126733,True,0.4703540802001953,0.10306486392932337,0.12077919932435018,0.9998480860116766,0.0013079720550660432,2.8867950439453125,0.0,0.0
prompt-18,1,7,True,220,220,True,0.3274766206741333,0.06601169927845213,0.0791305980264305,0.9997831464562892,0.0011200045552791265,1.1035003662109375,0.0,0.0
prompt-18,2,8,True,389,389,True,0.28055381774902344,0.04193725811789109,0.05303394007807158,0.9998439882720642,0.0005586562760338894,3.105752944946289,0.0,0.0
prompt-18,3,9,True,271,271,True,0.24832510948181152,0.044528949865031746,0.05554709702077804,0.9995969027115148,0.0010288169825692552,0.36666297912597656,0.0,0.0
prompt-18,4,10,True,136372,136372,True,0.3233180046081543,0.06532292318564806,0.08065150202473918,0.9998233493675545,0.0013766997232359055,0.7812929153442383,0.0,0.0
prompt-18,5,11,True,93823,93823,True,0.5288047790527344,0.1050515905118833,0.1288544083244013,0.9998515732489036,0.003997759668592171,1.0005340576171875,0.0,0.0
prompt-18,6,12,True,13,13,True,0.23402893543243408,0.03946323887580965,0.04929919603534035,0.9998309258000296,0.001112807985821876,0.4763755798339844,0.0,0.0
prompt-18,7,13,True,13,13,True,0.19954276084899902,0.03700999710161597,0.04640652093336989,0.9998600673463309,0.0007975761696531487,1.3107585906982422,0.0,0.0
prompt-18,8,14,True,13,13,True,0.1954178810119629,0.02905098588870628,0.037111340356890093,0.9997475455580657,0.0009383389614335976,0.7595119476318359,0.0,0.0
prompt-18,9,15,True,13,13,True,0.32557713985443115,0.06316520316495303,0.07882938959146107,0.9994157713977929,0.0019722437478430633,0.46414852142333984,0.0,0.0
prompt-18,10,16,True,220,220,True,0.3062018156051636,0.05118165959482667,0.06418788216602851,0.9996275720568236,0.0020925915045972706,0.2129802703857422,0.0,0.0
prompt-18,11,17,True,13,13,True,0.291287899017334,0.057094795594859644,0.06924848711178742,0.9993744078718486,0.0011446693280337808,0.4495429992675781,0.0,0.0
prompt-18,12,18,True,220,220,True,0.44380950927734375,0.06747279226021424,0.085642560547716,0.9996372073246873,0.0032302511866504555,0.8299007415771484,0.0,0.0
prompt-18,13,19,True,14529,14529,True,0.3581993579864502,0.0624612774301986,0.07770463008475703,0.9997218336593539,0.002457372610439569,0.7017192840576172,0.0,0.0
prompt-18,14,20,True,220,220,True,0.2112516164779663,0.03639446380624678,0.04601869454779774,0.9996982138400323,0.00108051946376734,0.27361011505126953,0.0,0.0
prompt-18,15,21,True,220,220,True,0.22796571254730225,0.043008665703888276,0.05307748216333297,0.9995889965444847,0.0007208418688603002,0.16730499267578125,0.0,0.0
prompt-18,16,22,True,13,13,True,0.22804689407348633,0.03602498699942813,0.045664302246311496,0.9997216532236232,0.0008714630493762993,0.9708251953125,0.0,0.0
prompt-19,0,10,True,220,220,True,0.30213046073913574,0.046738362078662415,0.059217582773708505,0.9998438008212364,0.002375999777405777,0.06212902069091797,0.0,0.0
prompt-19,1,11,True,279,279,True,0.2305208444595337,0.04463278984520726,0.054846988585072406,0.9996153841550511,0.0008251247583800602,0.6361484527587891,0.0,0.0
prompt-19,2,12,True,13,13,True,0.28887510299682617,0.05349744755089975,0.06593116360570113,0.999704222405312,0.0018361446213563085,0.3933906555175781,0.0,0.0
prompt-19,3,13,True,198,198,True,0.8013954162597656,0.13135813936636656,0.16450805517742675,0.9977715250259639,0.009375144842365978,0.03590679168701172,0.0,0.0
prompt-19,4,14,True,26965,26965,True,0.3105461597442627,0.06059116755823841,0.07563062024738641,0.9997737068130815,0.0010725914896681,1.527679443359375,0.0,0.0
prompt-19,5,15,True,220,220,True,0.36368846893310547,0.0634604054700274,0.08035463935253044,0.9992404132725694,0.0029558064213978724,0.5222177505493164,0.0,0.0
prompt-19,6,16,True,13,13,True,0.21902203559875488,0.031262451118681533,0.03959035037686647,0.9998048311176058,0.0010968130504631134,0.13063526153564453,0.0,0.0
prompt-19,7,17,True,594,594,True,0.24223089218139648,0.04023170048702844,0.05093039230284151,0.9997149971213376,0.0011470998176429795,0.730865478515625,0.0,0.0
prompt-19,8,18,True,13,13,True,0.17210936546325684,0.02862819871073157,0.03626027466545372,0.9996568281343167,0.0005692921386704604,0.024944305419921875,0.0,0.0
prompt-19,9,19,True,1479,1479,True,0.32795393466949463,0.08221443195209627,0.09558536919284581,0.9992163373100882,0.0019409618590364563,1.0027656555175781,0.0,0.0
prompt-19,10,20,True,8355,8355,True,0.25190645456314087,0.033821813451706234,0.04295827889110761,0.9997704042913382,0.0007735902268707418,0.39864635467529297,0.0,0.0
prompt-19,11,21,True,118526,118526,True,0.2093566656112671,0.03478408884980383,0.04379783048957392,0.9998188173976005,0.001058337751019801,0.4216184616088867,0.0,0.0
prompt-19,12,22,True,28,28,True,0.22868430614471436,0.04056002243612042,0.05081042080190529,0.9995852338001666,0.0008486495230637697,0.7847299575805664,0.0,0.0
prompt-19,13,23,True,13,13,True,0.4718838930130005,0.08095063358347583,0.10306745049261577,0.9993495505392435,0.004447120991606695,0.36435413360595703,0.0,0.0
prompt-19,14,24,True,26,26,True,0.22085630893707275,0.038761134451507646,0.04886563131193164,0.9994074551168882,0.0008365994561711082,0.1692361831665039,0.0,0.0
prompt-19,15,25,True,151645,271,False,0.7561864852905273,0.15019997983369443,0.1811116357629884,0.9996331581945541,0.013836897952637942,0.23228836059570312,0.29058837890625,0.10446357727050781
prompt-19,16,26,True,448,448,True,0.22567546367645264,0.03847592173607823,0.048313349242150194,0.999677175033162,0.0004431392918695567,1.4581146240234375,0.0,0.0
input-128,0,127,True,271,271,True,0.38011837005615234,0.05815485502769166,0.07338400111678749,0.9998674308217639,0.0018623763237657185,2.7562084197998047,0.0,0.0
input-128,1,128,True,25,102195,False,0.3751637935638428,0.06785865079066437,0.08539333360832425,0.999789914919725,0.0018752730458377453,0.044200897216796875,0.0521697998046875,0.06963157653808594
input-128,2,129,True,271,271,True,0.34589481353759766,0.05570484857137096,0.07066510490689434,0.9996945775984767,0.0016498632202559143,0.2514991760253906,0.0,0.0
input-128,3,130,True,271,271,True,0.45540809631347656,0.08193463730185843,0.10160252146481998,0.9991859456255809,0.00030866736518481847,3.992002487182617,0.0,0.0
input-128,4,131,True,271,271,True,0.30399250984191895,0.054582260330458716,0.06846823506561145,0.9995329101186371,0.0005861760086546374,0.9389152526855469,0.0,0.0
input-128,5,132,True,271,271,True,0.24052047729492188,0.040643895798263344,0.05127684283535866,0.9997328831277512,0.00026585855216432024,3.1231889724731445,0.0,0.0
input-128,6,133,True,102972,102972,True,0.549963116645813,0.08782079846348803,0.11150199204356219,0.999771248850229,0.01004386150422287,0.615229606628418,0.0,0.0
input-128,7,134,True,271,271,True,0.3371772766113281,0.052723258085055166,0.06696062640222793,0.9994415356090599,0.0009019891837359433,3.626087188720703,0.0,0.0
input-128,8,135,True,271,271,True,0.2870001792907715,0.04618348879038404,0.05761431391306216,0.9995378214386148,0.0010967253868236927,1.159698486328125,0.0,0.0
input-128,9,136,True,271,271,True,0.24232745170593262,0.047028413978260145,0.05823319979220762,0.9996139686422606,0.001632102094094097,3.10693359375,0.0,0.0
input-128,10,137,True,238,238,True,0.5982869863510132,0.08952100364000574,0.11375744458606885,0.9995036707487535,0.0025483869306181907,0.8080272674560547,0.0,0.0
input-128,11,138,True,271,271,True,0.2604494094848633,0.046622893214971144,0.05823634613090044,0.9994686627185442,0.0009074264448674835,2.864765167236328,0.0,0.0
input-128,12,139,True,271,13,False,0.3257797956466675,0.07442053663595846,0.08764896047178651,0.99899109650414,0.0008492017772998255,0.05463218688964844,0.05463218688964844,0.021300315856933594
input-128,13,140,True,271,271,True,0.32988500595092773,0.06637798669473789,0.08135283708164143,0.9995338857393017,0.0016963452106229376,1.2737760543823242,0.0,0.0
input-128,14,141,True,271,271,True,0.2527639865875244,0.03616661872132583,0.045673396409197604,0.9996704437129456,0.0009702469462760268,2.9891128540039062,0.0,0.0
input-128,15,142,True,271,271,True,0.7285795211791992,0.13457164367332916,0.1661026153165539,0.9996225098565699,0.0016901862982658198,3.2522506713867188,0.0,0.0
input-128,16,143,True,271,271,True,0.4781835079193115,0.0773646328348169,0.09846464962384159,0.9997628851019571,0.00045075046624107833,3.2226123809814453,0.0,0.0
input-1024,0,1023,True,315,315,True,0.345217227935791,0.06476972080930352,0.08081177883234926,0.9997616598584962,1.8206680688277712e-07,10.469060897827148,0.0,0.0
input-1024,1,1024,True,121,121,True,0.38415980339050293,0.0658942607279544,0.08326393714193481,0.9995267094633591,0.002107711647112574,0.5979251861572266,0.0,0.0
input-1024,2,1025,True,374,374,True,0.2967514991760254,0.05162822524646729,0.06554395223166824,0.9995915451954888,0.0011238466431210759,0.5522127151489258,0.0,0.0
input-1024,3,1026,True,220,220,True,0.2445058822631836,0.043900009398511436,0.055393443080304715,0.9997431509309745,0.0014774235485674986,0.20121002197265625,0.0,0.0
input-1024,4,1027,True,271,271,True,0.3872404098510742,0.0503471367940726,0.06426840223595316,0.9995466907136483,0.002256406255280286,1.2723674774169922,0.0,0.0
input-1024,5,1028,True,271,271,True,0.26713132858276367,0.045391301620774566,0.05709580727002936,0.9997011062986174,0.000562328201669489,0.8825645446777344,0.0,0.0
input-1024,6,1029,True,271,271,True,0.26677894592285156,0.05776467601580956,0.06961207601215423,0.9996973386417131,0.0003483153275347743,2.6368408203125,0.0,0.0
input-1024,7,1030,True,271,271,True,0.30230677127838135,0.051842408799795826,0.06469345423748722,0.999729023374815,0.0020717527971054243,1.2985830307006836,0.0,0.0
input-1024,8,1031,True,2355,2355,True,0.28111958503723145,0.04398615270429946,0.05493394690706698,0.9997548343511643,0.001077304445457131,1.1080760955810547,0.0,0.0
input-1024,9,1032,True,271,271,True,0.2599566578865051,0.03902253598098254,0.04967078260126706,0.9996696397937855,0.0006592427591071649,1.9536027908325195,0.0,0.0
input-1024,10,1033,True,271,271,True,0.3426656723022461,0.05041787882425517,0.06387508315508035,0.9997588860946258,0.0020427808503290018,0.522974967956543,0.0,0.0
input-1024,11,1034,True,3837,3837,True,0.30936431884765625,0.04717985589008954,0.059725648941922574,0.9997862388202862,0.0026349042490352373,1.0874500274658203,0.0,0.0
input-1024,12,1035,True,271,271,True,0.27595704793930054,0.04289489351613125,0.05365390805498754,0.9997281371044241,0.0007381378549958001,1.1492834091186523,0.0,0.0
input-1024,13,1036,True,271,271,True,0.19296592473983765,0.040457534027092075,0.04934604864778662,0.9995975163806334,0.0007250922789947483,0.5826129913330078,0.0,0.0
input-1024,14,1037,True,31782,31782,True,0.43166065216064453,0.0627917656441562,0.079549125019818,0.9997313529165511,0.0018467358680164308,1.0457372665405273,0.0,0.0
input-1024,15,1038,True,271,271,True,0.20496797561645508,0.04606403309175705,0.054876136552071124,0.9995036495484166,0.0008610167255266631,0.12238121032714844,0.0,0.0
input-1024,16,1039,True,271,271,True,0.35427385568618774,0.08758636414126711,0.10262290992334062,0.9983572867566656,0.0018994084539169787,1.3318052291870117,0.0,0.0
