input,engine,rep,block,prefill_s,decode_s,total_s,decode_tokens_per_s,peak_rss_mib,latency_median_ms,latency_p95_ms
128,nn,0,0,0.67833016,3.200568012,3.8788981720000004,39.99290111007958,671.3125,25.0218405,30.95956
128,llama-f32,0,0,0.553996464,3.375777129,3.9297735929999997,37.917195095731095,1114.1875,26.0262125,31.850556
128,llama-f16,0,0,0.540335754,2.900209889,3.440545643,44.13473676008143,889.828125,21.7574585,28.467355
128,llama-f32,1,1,0.41574038,3.032833445,3.448573825,42.20475747226534,1114.33984375,23.266928,27.818296
128,llama-f16,1,1,0.43122812699999996,2.689866476,3.121094603,47.58600515752887,889.87890625,20.543702500000002,25.127018
128,nn,1,1,0.791118728,3.1342909580000002,3.925409686,40.83858254234226,671.3359375,24.305601,28.819898
128,llama-f16,2,2,0.5323945130000001,2.983544856,3.515939369,42.90198611982927,890.04296875,22.653097000000002,27.478145
128,nn,2,2,0.716294766,3.2005037969999997,3.9167985629999995,39.99370352879479,671.390625,24.703423,31.757546
128,llama-f32,2,2,0.636430557,3.290131386,3.9265619430000003,38.90422143767847,1114.4453125,24.6223715,33.752165
1024,nn,0,0,6.531392289,5.319017056,11.850409345,24.06459664490311,869.078125,40.631257500000004,49.906686
1024,llama-f32,0,0,4.050465453,5.344135353,9.394600806,23.95148916431271,1133.15234375,39.800109,53.45261
1024,llama-f16,0,0,4.252545255,4.669348434,8.921893689000001,27.41281825703222,908.75,35.3097915,44.802905
1024,llama-f32,1,1,4.041131110999999,4.878126567,8.919257678,26.239581577465867,1133.05078125,37.3704835,44.973638
1024,llama-f16,1,1,4.22869983,5.27519572,9.50389555,24.26450255005894,908.78125,39.6173785,55.577972
1024,nn,1,1,6.665587878,4.846071271,11.511659149,26.4131484747204,868.97265625,37.018606500000004,47.623939
1024,llama-f16,2,2,4.153594101,4.321834309,8.47542841,29.617053974847327,908.8828125,32.727948999999995,41.835682
1024,nn,2,2,6.468267501000001,4.856034091000001,11.324301592000001,26.358958277749863,868.9296875,37.617954499999996,46.151353
1024,llama-f32,2,2,4.293500637999999,5.811372202,10.104872839999999,22.025779033039466,1132.53515625,45.935875499999995,51.879425
